{"cameraMode":{"drawMode":0,"name":"Shaded","section":"Shading Mode"},"sceneLighting":true,"audioPlay":false,"sceneViewState":{"m_AlwaysRefresh":false,"showFog":true,"showSkybox":true,"showFlares":true,"showImageEffects":true,"showParticleSystems":true,"showVisualEffectGraphs":true,"m_FxEnabled":true},"in2DMode":false,"pivot":{"x":1301.1612548828125,"y":609.2155151367188,"z":-527.8310546875},"rotation":{"x":-0.038947995752096179,"y":0.04644789919257164,"z":0.0018123883055523038,"w":0.9981594681739807},"size":277.66119384765627,"orthographic":true}